{
  "symbols": [
    "EURUSD",
    "USDCHF"
  ],
  "edge_index": [
    [
      0,
      1
    ],
    [
      1,
      0
    ]
  ],
  "edge_weight": [
    1.0000000000001878,
    1.0000000000001878
  ],
  "metrics": {
    "degree": [
      1.0000000000001878,
      1.0000000000001878
    ],
    "pagerank": [
      0.5,
      0.5
    ]
  },
  "cointegration": {
    "EURUSD": {
      "USDCHF": {
        "beta": 1.9736842105263113,
        "pvalue": 1.0
      }
    },
    "USDCHF": {
      "EURUSD": {
        "beta": 0.5000000000000038,
        "pvalue": 1.0
      }
    }
  },
  "embedding_dim": 2,
  "embeddings": {
    "EURUSD": [
      0.0,
      -1.0000000000001878
    ],
    "USDCHF": [
      -1.0000000000001878,
      0.0
    ]
  },
  "nodes": {
    "EURUSD": {
      "degree": 1.0000000000001878,
      "pagerank": 0.5,
      "embedding": [
        0.0,
        -1.0000000000001878
      ]
    },
    "USDCHF": {
      "degree": 1.0000000000001878,
      "pagerank": 0.5,
      "embedding": [
        -1.0000000000001878,
        0.0
      ]
    }
  }
}